Fecha,Ahorro,Inversion,Jubilación,Deuda,Prestamo
noviembre 1 2016,"B/.	31,637.68","B/.	6,310.37",,B/.	0.00,"B/.	106,332.55"
diciembre 12 2016,"B/.	38,172.32","B/.	6,673.21",,B/.	0.00,"B/.	106,245.31"
enero 17 2017,"B/.	43,547.82","B/.	6,892.35",,"B/.	6,991.15","B/.	106,018.91"
marzo 20 2017,"B/.	41,040.63","B/.	7,620.01",,"B/.	3,952.99","B/.	105,597.11"
abril 21 2017,"B/.	40,898.72","B/.	8,094.81",,"B/.	3,044.50","B/.	105,403.16"
mayo 12 2017,"B/.	40,239.94","B/.	8,318.53",,"B/.	3,435.78","B/.	105,173.60"
junio 18 2017,"B/.	39,543.19","B/.	8,589.31",,"B/.	2,199.32","B/.	104,961.32"
julio 23 2017,"B/.	40,216.36","B/.	9,087.13",,"B/.	2,224.85","B/.	104,774.39"
agosto 14 2017,"B/.	43,775.35","B/.	9,328.88",,"B/.	2,129.83","B/.	104,656.95"
septiembre 12 2017,"B/.	46,146.10","B/.	9,762.25",,"B/.	2,142.95","B/.	104,451.98"
octubre 12 2017,"B/.	45,340.53","B/.	9,980.10",,"B/.	1,376.04","B/.	104,229.07"
noviembre 18 2017,"B/.	48,083.16","B/.	8,822.30",,"B/.	1,691.58","B/.	104,031.73"
diciembre 16 2017,"B/.	56,724.08","B/.	9,869.69",,"B/.	3,493.98","B/.	103,825.13"
enero 21 2018,"B/.	54,789.28","B/.	10,012.05",,"B/.	2,097.65","B/.	103,713.46"
febrero 28 2018,"B/.	55,209.50","B/.	10,426.27",,"B/.	2,036.56","B/.	103,504.81"
marzo 9 2018,"B/.	57,896.82","B/.	10,438.60",,"B/.	2,360.74","B/.	103,315.69"
abril 16 2018,"B/.	31,939.25","B/.	10,840.49",,"B/.	1,822.00","B/.	103,116.06"
mayo 18 2018,"B/.	13,742.81","B/.	11,085.39",,"B/.	1,109.72","B/.	102,915.84"
junio 18 2018,"B/.	15,509.02","B/.	11,350.90",,"B/.	2,122.10","B/.	102,543.84"
julio 17 2018,"B/.	18,105.16","B/.	11,762.73",,"B/.	3,586.44","B/.	102,124.88"
agosto 16 2018,"B/.	17,688.90","B/.	12,107.90",,"B/.	2,346.86","B/.	101,549.66"
septiembre 14 2018,"B/.	16,884.75","B/.	12,457.09",,"B/.	1,117.88","B/.	101,325.36"
octubre 12 2018,"B/.	19,028.41","B/.	12,819.62",,"B/.	1,632.94","B/.	100,567.69"
noviembre 16 2018,"B/.	19,256.68","B/.	13,334.79",,B/.	405.73,"B/.	100,248.53"
diciembre 14 2018,"B/.	20,340.67","B/.	15,429.79",,B/.	0.00,"B/.	99,550.04"
enero 14 2019,"B/.	21,307.23","B/.	15,862.02",,B/.	295.47,"B/.	235,789.45"
febrero 18 2019,"B/.	18,180.89","B/.	16,319.22",,"B/.	1,413.91","B/.	235,672.78"
marzo 15 2019,"B/.	15,608.79","B/.	16,476.47",,"B/.	2,401.32","B/.	235,131.14"
abril 15 2019,"B/.	14,781.68","B/.	16,800.26",,B/.	399.94,"B/.	234,708.46"
mayo 20 2019,"B/.	15,753.81","B/.	17,013.73",,B/.	366.58,"B/.	233,475.17"
junio 16 2019,"B/.	13,818.98","B/.	17,153.47",,B/.	327.81,"B/.	233,153.09"
julio 7 2019,"B/.	14,925.48","B/.	17,325.45",,B/.	3.60,"B/.	232,940.45"
agosto 16 2019,"B/.	18,856.10","B/.	17,454.50",,"B/.	1,817.72","B/.	232,597.13"
septiembre 13 2019,"B/.	17,571.04","B/.	17,769.11",,"B/.	1,157.26","B/.	231,686.74"
octubre 19 2019,"B/.	17,145.07","B/.	18,544.93",,B/.	145.60,"B/.	230,808.47"
noviembre 17 2019,"B/.	20,188.69","B/.	18,747.36",,"B/.	5,300.64","B/.	230,364.19"
diciembre 14 2019,"B/.	17,677.12","B/.	19,018.50",,"B/.	2,439.29","B/.	239,817.20"
enero 13 2020,"B/.	17,059.44","B/.	19,309.71",,"B/.	3,237.63","B/.	238,377.02"
febrero 14 2020,"B/.	18,393.19","B/.	19,619.44",,"B/.	4,273.02","B/.	237,916.65"
marzo 14 2020,"B/.	18,343.66","B/.	19,646.15",,"B/.	1,939.15","B/.	236,668.75"
abril 14 2020,"B/.	19,538.00","B/.	19,671.30",,"B/.	1,120.45","B/.	236,120.16"
mayo 15 2020,"B/.	18,937.11","B/.	22,590.98",,B/.	968.95,"B/.	235,349.10"
junio 15 2020,"B/.	20,171.43","B/.	23,089.70",,"B/.	1,510.83","B/.	234,561.53"
julio 14 2020,"B/.	22,024.64","B/.	23,362.50",,"B/.	2,811.38","B/.	234,264.13"
agosto 15 2020,"B/.	17,050.35","B/.	23,686.61",,"B/.	(2,419.32)","B/.	233,309.30"
septiembre 16 2020,"B/.	17,424.74","B/.	25,385.45",,B/.	(771.98),"B/.	232,736.57"
octubre 17 2020,"B/.	19,746.94","B/.	25,586.50",,"B/.	1,106.65","B/.	231,590.14"
noviembre 14 2020,"B/.	20,365.99","B/.	25,882.51",,"B/.	2,253.23","B/.	229,804.38"
diciembre 15 2020,"B/.	24,394.26","B/.	26,828.37",,"B/.	2,664.70","B/.	228,575.93"
enero 14 2021,"B/.	22,987.59","B/.	27,262.94",,"B/.	1,608.56","B/.	225,985.75"
febrero 12 2021,"B/.	24,482.97","B/.	27,754.68",,"B/.	1,582.19","B/.	225,386.34"
febrero 28 2021,"B/.	20,235.48","B/.	29,211.28",,B/.	562.94,"B/.	223,387.64"
marzo 31 2021,"B/.	21,592.80","B/.	30,600.79",,"B/.	1,921.90","B/.	222,698.16"
abril 30 2021,"B/.	22,602.59","B/.	31,551.93",,"B/.	1,008.89","B/.	220,578.91"
mayo 31 2021,"B/.	23,221.16","B/.	31,923.99",,"B/.	2,752.87","B/.	220,002.19"
julio 1 2021,"B/.	18,229.36","B/.	33,147.72",,"B/.	1,171.02","B/.	219,623.37"
julio 31 2021,"B/.	15,167.09","B/.	33,511.51",,"B/.	2,351.51","B/.	219,052.85"
agosto 31 2021,"B/.	18,784.25","B/.	33,962.29",,"B/.	1,096.49","B/.	218,420.82"
octubre 1 2021,"B/.	17,527.71","B/.	34,287.48",,"B/.	1,527.44","B/.	217,710.55"
octubre 31 2021,"B/.	15,722.45","B/.	35,250.84",,B/.	706.68,"B/.	216,801.81"
diciembre 2 2021,"B/.	14,851.39","B/.	35,248.89",,B/.	982.67,"B/.	216,268.54"
enero 1 2022,"B/.	20,031.63","B/.	38,668.19",,"B/.	1,165.72","B/.	215,872.40"
enero 31 2022,"B/.	19,181.68","B/.	38,996.89",,B/.	735.28,"B/.	215,184.45"
marzo 1 2022,"B/.	15,974.58","B/.	39,049.94",,B/.	262.20,"B/.	214,502.27"
abril 1 2022,"B/.	17,626.87","B/.	40,377.96",,"B/.	1,070.33","B/.	213,728.68"
mayo 1 2022,"B/.	16,995.21","B/.	40,178.84",,B/.	569.96,"B/.	213,062.53"
junio 2 2022,"B/.	17,540.67","B/.	40,401.33",,"B/.	1,318.74","B/.	212,597.33"
julio 1 2022,"B/.	18,325.18","B/.	40,652.53",,"B/.	1,963.05","B/.	211,883.59"
julio 31 2022,"B/.	16,607.10","B/.	41,507.28",,"B/.	1,207.46","B/.	211,157.43"
septiembre 2 2022,"B/.	16,510.61","B/.	41,740.16",,"B/.	1,849.51","B/.	210,833.62"
octubre 1 2022,"B/.	15,259.80","B/.	41,530.16",,"B/.	2,070.23","B/.	209,950.63"
noviembre 1 2022,"B/.	15,762.55","B/.	42,964.21",,"B/.	1,589.44","B/.	208,334.74"
diciembre 1 2022,"B/.	14,544.39","B/.	44,214.24",,B/.	877.36,"B/.	207,953.47"
enero 5 2023,"B/.	20,756.12","B/.	44,658.71",,"B/.	3,032.46","B/.	207,173.35"
enero 31 2023,"B/.	13,322.46","B/.	45,651.47",,"B/.	1,437.35","B/.	206,095.99"
marzo 1 2023,"B/.	10,795.98","B/.	45,868.02",,B/.	962.69,"B/.	205,503.03"
abril 1 2023,"B/.	12,907.17","B/.	46,536.02",,"B/.	1,189.41","B/.	204,586.79"
mayo 3 2023,"B/.	12,043.83","B/.	47,078.89",,"B/.	1,024.23","B/.	202,896.56"
junio 1 2023,"B/.	11,955.71","B/.	47,992.40",,"B/.	2,984.15","B/.	201,882.95"
julio 1 2023,"B/.	9,391.69","B/.	49,808.20",,B/.	914.29,"B/.	201,133.38"
agosto 1 2023,"B/.	8,082.88","B/.	50,767.19",,"B/.	3,944.09","B/.	199,945.61"
septiembre 1 2023,"B/.	8,159.82","B/.	51,194.99",,"B/.	4,106.87","B/.	199,013.70"
octubre 2 2023,"B/.	7,416.49","B/.	50,565.86",,"B/.	4,467.54","B/.	198,449.92"
noviembre 1 2023,"B/.	4,705.10","B/.	51,607.10",,"B/.	3,303.26","B/.	197,471.32"
diciembre 1 2023,"B/.	4,640.03","B/.	52,879.77",,"B/.	3,627.08","B/.	197,232.55"
enero 1 2024,"B/.	7,467.71","B/.	56,077.94",,"B/.	3,231.45","B/.	196,148.95"
febrero 1 2024,"B/.	6,703.81","B/.	56,058.45",,"B/.	7,887.16","B/.	194,856.38"
marzo 1 2024,"B/.	12,712.12","B/.	49,727.17",,"B/.	6,254.31","B/.	194,202.78"
abril 1 2024,"B/.	8,836.70","B/.	52,063.13",,"B/.	4,003.13","B/.	192,225.71"
mayo 10 2024,"B/.	8,112.95","B/.	52,732.25",,"B/.	8,208.72","B/.	191,838.48"
junio 2 2024,"B/.	6,004.51","B/.	53,103.21",,"B/.	5,240.59","B/.	191,588.97"
junio 30 2024,"B/.	5,183.96","B/.	52,985.37",,"B/.	4,435.66","B/.	190,503.52"
agosto 7 2024,"B/.	4,399.34","B/.	52,386.86",,"B/.	6,229.52","B/.	189,419.26"
agosto 30 2024,"B/.	3,826.26","B/.	54,290.63",,"B/.	5,349.54","B/.	189,004.55"
octubre 2 2024,"B/.	5,943.40","B/.	51,075.15",,"B/.	5,814.15","B/.	187,401.61"
noviembre 1 2024,"B/.	2,392.13","B/.	52,031.51",,"B/.	4,602.50","B/.	186,065.35"
diciembre 1 2024,"B/.	1,651.83","B/.	53,320.79",,"B/.	3,590.24","B/.	185,475.73"
enero 2 2025,"B/.	3,410.84","B/.	24,218.75","B/.	33,456.63","B/.	4,420.99","B/.	183,507.04"
febrero 1 2025,"B/.	4,409.10","B/.	24,955.19","B/.	33,979.83","B/.	4,788.00","B/.	182,657.34"
marzo 1 2025,"B/.	5,444.09","B/.	21,151.56","B/.	34,468.64","B/.	4,414.44","B/.	182,108.55"
marzo 30 2025,"B/.	11,004.17","B/.	16,426.12","B/.	35,791.94","B/.	6,656.83","B/.	181,773.50"
mayo 1 2025,"B/.	7,084.79","B/.	16,600.51","B/.	36,296.82","B/.	3,716.79","B/.	181,179.91"
junio 1 2025,"B/.	5,385.88","B/.	17,647.97","B/.	36,740.64","B/.	5,720.33","B/.	180,014.66"
julio 1 2025,"B/.	8,131.85","B/.	11,643.43","B/.	37,175.23","B/.	2,937.36","B/.	179,130.48"
agosto 2 2025,"B/.	6,687.79","B/.	12,622.10","B/.	37,652.28","B/.	3,992.97","B/.	178,403.66"
agosto 27 2025,"B/.	4,596.60","B/.	14,477.50","B/.	38,098.88","B/.	4,579.65","B/.	177,824.94"
octubre 1 2025,"B/.	4,347.62","B/.	16,312.39","B/.	38,748.34","B/.	7,347.41","B/.	177,176.46"
noviembre 1 2025,B/.	784.37,"B/.	14,202.46","B/.	39,229.78","B/.	2,923.33","B/.	176,871.54"
diciembre 1 2025,B/.	575.49,"B/.	13,626.92","B/.	39,649.17","B/.	4,372.48","B/.	176,246.05"
diciembre 4 2025,"B/.	8,685.67","B/.	16,308.16","B/.	41,090.05","B/.	5,479.78","B/.	176,246.05"